<?xml version="1.0" encoding="UTF-8"?><rss version="2.0"
	xmlns:content="http://purl.org/rss/1.0/modules/content/"
	xmlns:wfw="http://wellformedweb.org/CommentAPI/"
	xmlns:dc="http://purl.org/dc/elements/1.1/"
	xmlns:atom="http://www.w3.org/2005/Atom"
	xmlns:sy="http://purl.org/rss/1.0/modules/syndication/"
	xmlns:slash="http://purl.org/rss/1.0/modules/slash/"
	
	xmlns:georss="http://www.georss.org/georss"
	xmlns:geo="http://www.w3.org/2003/01/geo/wgs84_pos#"
	>

<channel>
	<title>Uncategorized &#8211; koozyy</title>
	<atom:link href="https://koozyy.github.io/index.php/category/uncategorized/feed/" rel="self" type="application/rss+xml" />
	<link>https://koozyy.github.io/</link>
	<description></description>
	<lastBuildDate>Wed, 20 Mar 2024 16:50:16 +0000</lastBuildDate>
	<language>en-US</language>
	<sy:updatePeriod>
	hourly	</sy:updatePeriod>
	<sy:updateFrequency>
	1	</sy:updateFrequency>
	<generator>https://wordpress.org/?v=6.4.3</generator>

<image>
	<url>https://koozyy.github.io/wp-content/uploads/2024/03/Untitled86_20230908193136-100x100.png</url>
	<title>Uncategorized &#8211; koozyy</title>
	<link>https://koozyy.github.io/</link>
	<width>32</width>
	<height>32</height>
</image> 
	<item>
		<title>Hello world!</title>
		<link>https://koozyy.github.io/index.php/2024/03/20/hello-world/</link>
					<comments>https://koozyy.github.io/index.php/2024/03/20/hello-world/#comments</comments>
		
		<dc:creator><![CDATA[kaulik]]></dc:creator>
		<pubDate>Wed, 20 Mar 2024 16:50:16 +0000</pubDate>
				<category><![CDATA[Uncategorized]]></category>
		<guid isPermaLink="false">https://koozyy.github.io/?p=1</guid>

					<description><![CDATA[Welcome to WordPress. This is your first post. Edit or delete it, then start writing!]]></description>
										<content:encoded><![CDATA[
<p>Welcome to WordPress. This is your first post. Edit or delete it, then start writing!</p>
]]></content:encoded>
					
					<wfw:commentRss>https://koozyy.github.io/index.php/2024/03/20/hello-world/feed/</wfw:commentRss>
			<slash:comments>1</slash:comments>
		
		
			</item>
	</channel>
</rss>
