<?xml version="1.0" encoding="UTF-8"?><rss version="2.0"
	xmlns:content="http://purl.org/rss/1.0/modules/content/"
	xmlns:wfw="http://wellformedweb.org/CommentAPI/"
	xmlns:dc="http://purl.org/dc/elements/1.1/"
	xmlns:atom="http://www.w3.org/2005/Atom"
	xmlns:sy="http://purl.org/rss/1.0/modules/syndication/"
	xmlns:slash="http://purl.org/rss/1.0/modules/slash/"
	
	xmlns:georss="http://www.georss.org/georss"
	xmlns:geo="http://www.w3.org/2003/01/geo/wgs84_pos#"
	>

<channel>
	<title>Shop &#8211; koozyy</title>
	<atom:link href="https://koozyy.github.io/index.php/shop/feed/" rel="self" type="application/rss+xml" />
	<link>https://koozyy.github.io/</link>
	<description></description>
	<lastBuildDate>Tue, 26 Mar 2024 07:40:17 +0000</lastBuildDate>
	<language>en-US</language>
	<sy:updatePeriod>
	hourly	</sy:updatePeriod>
	<sy:updateFrequency>
	1	</sy:updateFrequency>
	<generator>https://wordpress.org/?v=6.4.3</generator>

<image>
	<url>https://koozyy.github.io/wp-content/uploads/2024/03/Untitled86_20230908193136-100x100.png</url>
	<title>Shop &#8211; koozyy</title>
	<link>https://koozyy.github.io/</link>
	<width>32</width>
	<height>32</height>
</image> 
	<item>
		<title>T-Shirt</title>
		<link>https://koozyy.github.io/index.php/product/t-shirt/</link>
		
		<dc:creator><![CDATA[kaulik]]></dc:creator>
		<pubDate>Mon, 25 Mar 2024 07:34:39 +0000</pubDate>
				<guid isPermaLink="false">https://koozyy.github.io/?post_type=product#038;p=88</guid>

					<description><![CDATA[Hi Akshat]]></description>
										<content:encoded><![CDATA[<p>New One<br />
All Size</p>
]]></content:encoded>
					
		
		
			</item>
	</channel>
</rss>
